{"cameraMode":{"drawMode":0,"name":"Shaded","section":"Shading Mode"},"sceneLighting":true,"audioPlay":false,"sceneViewState":{"m_AlwaysRefresh":false,"showFog":true,"showSkybox":true,"showFlares":true,"showImageEffects":true,"showParticleSystems":true,"showVisualEffectGraphs":true,"m_FxEnabled":true},"in2DMode":false,"pivot":{"x":-0.08709543943405152,"y":0.44393011927604678,"z":-0.2680334448814392},"rotation":{"x":0.04975138232111931,"y":0.039251770824193957,"z":-0.0019527226686477662,"w":0.9979986548423767},"size":4.925244331359863,"orthographic":false}