{"cameraMode":{"drawMode":0,"name":"Shaded","section":"Shading Mode"},"sceneLighting":false,"audioPlay":false,"sceneViewState":{"m_AlwaysRefresh":false,"showFog":true,"showSkybox":false,"showFlares":true,"showImageEffects":true,"showParticleSystems":true,"showVisualEffectGraphs":true,"m_FxEnabled":true},"in2DMode":false,"pivot":{"x":-0.02847909927368164,"y":-0.02048391103744507,"z":0.030864477157592775},"rotation":{"x":0.035257548093795779,"y":-0.930025577545166,"z":0.09266705065965653,"w":0.3538993000984192},"size":1.8247449398040772,"orthographic":false}